{"averageTrainLoss": [1.491838512441335, 1.4461302134627303, 1.4104967827099701, 1.3510549439225794, 1.3190697866596992, 1.2762496334026294], "charErrorRates": [0.10321043039394365, 0.10151408944343193, 0.10015421281368288, 0.1018225150707977, 0.0988504135707276, 0.10033646432076265], "wordAccuracies": [0.7407214706902532, 0.7407792808417158, 0.7448838015955602, 0.7438432188692334, 0.748063359926003, 0.7449416117470228]}